{"target_word_avg_total": 0.27976190476190477, "hsk_coverage_avg_total": 0.7376693961573078, "model_name": "extended/hsk1-bpe-ckiplab/gpt2-base-chinese", "inference_time": 0.8560478687286377}