{"target_word_avg_total": 0.8606060606060606, "hsk_coverage_avg_total": 0.46678131446635523, "model_name": "hsk1-bpe-uer/gpt2-chinese-cluecorpussmall"}