{"target_word_avg_total": 0.8606060606060606, "hsk_coverage_avg_total": 0.45534606530787586, "model_name": "hsk1-wordpiece-ckiplab/gpt2-base-chinese"}