{"target_word_avg_total": 0.8606060606060606, "hsk_coverage_avg_total": 0.46456765706999087, "model_name": "hsk1-bpe-ckiplab/gpt2-base-chinese"}