{"target_word_avg_total": 0.24404761904761904, "hsk_coverage_avg_total": 0.8810224135980176, "model_name": "hsk1-wordpiece-uer/gpt2-chinese-cluecorpussmall", "inference_time": 0.8123180866241455}