{"target_word_avg_total": 0.30952380952380953, "hsk_coverage_avg_total": 0.8811606988690317, "model_name": "hsk1-wordpiece-ckiplab/gpt2-base-chinese", "inference_time": 0.7690269947052002}