{"target_word_avg_total": 0.1130952380952381, "hsk_coverage_avg_total": 0.8886335776216724, "model_name": "hsk1-bpe-uer/gpt2-chinese-cluecorpussmall", "inference_time": 0.9358961582183838}