{"target_word_avg_total": 0.31547619047619047, "hsk_coverage_avg_total": 0.8840326921349789, "model_name": "hsk1-bpe-ckiplab/gpt2-base-chinese", "inference_time": 0.8895149230957031}