{"target_word_avg_total": 0.4642857142857143, "hsk_coverage_avg_total": 0.7966025773185873, "model_name": "extended/hsk1-bpe-ckiplab/gpt2-base-chinese", "inference_time": 0.8339328765869141}