{"target_word_avg_total": 0.2261904761904762, "hsk_coverage_avg_total": 0.8154433059466781, "model_name": "extended/hsk1-wordpiece-uer/gpt2-chinese-cluecorpussmall", "inference_time": 0.8216409683227539}